-- MySQL dump 10.13  Distrib 5.7.22-22, for debian-linux-gnu (x86_64)
--
-- Host: localhost    Database: dietary_reference_intake
-- ------------------------------------------------------
-- Server version	5.7.22-22

/*!40101 SET @OLD_CHARACTER_SET_CLIENT=@@CHARACTER_SET_CLIENT */;
/*!40101 SET @OLD_CHARACTER_SET_RESULTS=@@CHARACTER_SET_RESULTS */;
/*!40101 SET @OLD_COLLATION_CONNECTION=@@COLLATION_CONNECTION */;
/*!40101 SET NAMES utf8 */;
/*!40103 SET @OLD_TIME_ZONE=@@TIME_ZONE */;
/*!40103 SET TIME_ZONE='+00:00' */;
/*!40014 SET @OLD_UNIQUE_CHECKS=@@UNIQUE_CHECKS, UNIQUE_CHECKS=0 */;
/*!40014 SET @OLD_FOREIGN_KEY_CHECKS=@@FOREIGN_KEY_CHECKS, FOREIGN_KEY_CHECKS=0 */;
/*!40101 SET @OLD_SQL_MODE=@@SQL_MODE, SQL_MODE='NO_AUTO_VALUE_ON_ZERO' */;
/*!40111 SET @OLD_SQL_NOTES=@@SQL_NOTES, SQL_NOTES=0 */;
/*!50717 SELECT COUNT(*) INTO @rocksdb_has_p_s_session_variables FROM INFORMATION_SCHEMA.TABLES WHERE TABLE_SCHEMA = 'performance_schema' AND TABLE_NAME = 'session_variables' */;
/*!50717 SET @rocksdb_get_is_supported = IF (@rocksdb_has_p_s_session_variables, 'SELECT COUNT(*) INTO @rocksdb_is_supported FROM performance_schema.session_variables WHERE VARIABLE_NAME=\'rocksdb_bulk_load\'', 'SELECT 0') */;
/*!50717 PREPARE s FROM @rocksdb_get_is_supported */;
/*!50717 EXECUTE s */;
/*!50717 DEALLOCATE PREPARE s */;
/*!50717 SET @rocksdb_enable_bulk_load = IF (@rocksdb_is_supported, 'SET SESSION rocksdb_bulk_load = 1', 'SET @rocksdb_dummy_bulk_load = 0') */;
/*!50717 PREPARE s FROM @rocksdb_enable_bulk_load */;
/*!50717 EXECUTE s */;
/*!50717 DEALLOCATE PREPARE s */;

--
-- Table structure for table `age_ranges`
--

DROP TABLE IF EXISTS `age_ranges`;
/*!40101 SET @saved_cs_client     = @@character_set_client */;
/*!40101 SET character_set_client = utf8 */;
CREATE TABLE `age_ranges` (
  `age_range_id` int(10) unsigned NOT NULL AUTO_INCREMENT,
  `age_from` int(10) unsigned NOT NULL,
  `age_to` int(10) unsigned NOT NULL,
  PRIMARY KEY (`age_range_id`),
  KEY `age_range_id` (`age_range_id`,`age_from`,`age_to`)
) ENGINE=InnoDB AUTO_INCREMENT=9 DEFAULT CHARSET=utf8;
/*!40101 SET character_set_client = @saved_cs_client */;

--
-- Dumping data for table `age_ranges`
--

LOCK TABLES `age_ranges` WRITE;
/*!40000 ALTER TABLE `age_ranges` DISABLE KEYS */;
INSERT INTO `age_ranges` VALUES (1,1,3),(2,4,8),(3,9,13),(4,14,18),(5,19,30),(6,31,50),(7,51,70),(8,70,150);
/*!40000 ALTER TABLE `age_ranges` ENABLE KEYS */;
UNLOCK TABLES;

--
-- Temporary table structure for view `dietary_reference_intake`
--

DROP TABLE IF EXISTS `dietary_reference_intake`;
/*!50001 DROP VIEW IF EXISTS `dietary_reference_intake`*/;
SET @saved_cs_client     = @@character_set_client;
SET character_set_client = utf8;
/*!50001 CREATE VIEW `dietary_reference_intake` AS SELECT 
 1 AS `age_from`,
 1 AS `age_to`,
 1 AS `sex`,
 1 AS `nutr_no`,
 1 AS `tagname`,
 1 AS `type`,
 1 AS `amount`*/;
SET character_set_client = @saved_cs_client;

--
-- Temporary table structure for view `dietary_reference_intake_flat`
--

DROP TABLE IF EXISTS `dietary_reference_intake_flat`;
/*!50001 DROP VIEW IF EXISTS `dietary_reference_intake_flat`*/;
SET @saved_cs_client     = @@character_set_client;
SET character_set_client = utf8;
/*!50001 CREATE VIEW `dietary_reference_intake_flat` AS SELECT 
 1 AS `age_from`,
 1 AS `age_to`,
 1 AS `sex`,
 1 AS `type`,
 1 AS `water`,
 1 AS `procnt`,
 1 AS `chocdf`,
 1 AS `fibtg`,
 1 AS `ca`,
 1 AS `fe`,
 1 AS `mg`,
 1 AS `p`,
 1 AS `k`,
 1 AS `na`,
 1 AS `zn`,
 1 AS `cu`,
 1 AS `mn`,
 1 AS `se`,
 1 AS `vitc`,
 1 AS `thia`,
 1 AS `ribf`,
 1 AS `nia`,
 1 AS `vitb6a`,
 1 AS `fol`,
 1 AS `choln`,
 1 AS `vitb12`,
 1 AS `vita_rae`,
 1 AS `tocpha`,
 1 AS `vitd`,
 1 AS `vitk1`,
 1 AS `f18d2`,
 1 AS `f18d3`*/;
SET character_set_client = @saved_cs_client;

--
-- Table structure for table `reference_amounts`
--

DROP TABLE IF EXISTS `reference_amounts`;
/*!40101 SET @saved_cs_client     = @@character_set_client */;
/*!40101 SET character_set_client = utf8 */;
CREATE TABLE `reference_amounts` (
  `reference_amount_id` int(10) unsigned NOT NULL AUTO_INCREMENT,
  `nutr_no` char(3) NULL,
  `tagname` char(20) NOT NULL,
  `amount` decimal(10,3) NOT NULL,
  PRIMARY KEY (`reference_amount_id`),
  UNIQUE KEY `tagname` (`tagname`,`amount`),
  KEY `reference_amount_id` (`reference_amount_id`,`tagname`,`amount`)
) ENGINE=InnoDB AUTO_INCREMENT=267 DEFAULT CHARSET=utf8;
/*!40101 SET character_set_client = @saved_cs_client */;

--
-- Dumping data for table `reference_amounts`
--

LOCK TABLES
    `reference_amounts` WRITE,
    `reference_amounts` AS `a` WRITE,
    `usda`.`nutr_def` AS `b` READ;

/*!40000 ALTER TABLE `reference_amounts` DISABLE KEYS */;
INSERT INTO `reference_amounts` VALUES (1,'301','ca',700.000),(2,'301','ca',1000.000),(3,'301','ca',1300.000),(4,'301','ca',1200.000),(5,'205','chocdf',130.000),(6,'421','choln',200.000),(7,'421','choln',250.000),(8,'421','choln',375.000),(9,'421','choln',400.000),(10,'421','choln',425.000),(11,'312','cu',0.340),(12,'312','cu',0.440),(13,'312','cu',0.700),(14,'312','cu',0.890),(15,'312','cu',0.900),(16,'618','f18d2',7.000),(17,'618','f18d2',10.000),(18,'618','f18d2',11.000),(19,'618','f18d2',12.000),(20,'619','f18d3',0.700),(21,'619','f18d3',0.900),(22,'619','f18d3',1.000),(23,'619','f18d3',1.100),(24,'303','fe',7.000),(25,'303','fe',10.000),(26,'303','fe',8.000),(27,'303','fe',15.000),(28,'303','fe',18.000),(29,'291','fibtg',19.000),(30,'291','fibtg',25.000),(31,'291','fibtg',26.000),(32,'291','fibtg',21.000),(33,'313','fld',700.000),(34,'313','fld',1000.000),(35,'313','fld',2000.000),(36,'313','fld',3000.000),(37,'417','fol',150.000),(38,'417','fol',200.000),(39,'417','fol',300.000),(40,'417','fol',400.000),(41,'306','k',3000.000),(42,'306','k',3800.000),(43,'306','k',4500.000),(44,'306','k',4700.000),(45,'304','mg',80.000),(46,'304','mg',130.000),(47,'304','mg',240.000),(48,'304','mg',360.000),(49,'304','mg',310.000),(50,'304','mg',320.000),(51,'315','mn',1.200),(52,'315','mn',1.500),(53,'315','mn',1.600),(54,'315','mn',1.800),(55,'307','na',1000.000),(56,'307','na',1200.000),(57,'307','na',1500.000),(58,'307','na',1300.000),(59,'406','nia',6.000),(60,'406','nia',8.000),(61,'406','nia',12.000),(62,'406','nia',14.000),(63,'305','p',460.000),(64,'305','p',500.000),(65,'305','p',1250.000),(66,'305','p',700.000),(67,'410','pantac',2.000),(68,'410','pantac',3.000),(69,'410','pantac',4.000),(70,'410','pantac',5.000),(71,'203','procnt',13.000),(72,'203','procnt',19.000),(73,'203','procnt',34.000),(74,'203','procnt',46.000),(75,'405','ribf',0.500),(76,'405','ribf',0.600),(77,'405','ribf',0.900),(78,'405','ribf',1.000),(79,'405','ribf',1.100),(80,'317','se',20.000),(81,'317','se',30.000),(82,'317','se',40.000),(83,'317','se',55.000),(84,'404','thia',0.500),(85,'404','thia',0.600),(86,'404','thia',0.900),(87,'404','thia',1.000),(88,'404','thia',1.100),(89,'323','tocpha',6.000),(90,'323','tocpha',7.000),(91,'323','tocpha',11.000),(92,'323','tocpha',15.000),(93,'320','vita_rae',300.000),(94,'320','vita_rae',400.000),(95,'320','vita_rae',600.000),(96,'320','vita_rae',700.000),(97,'418','vitb12',0.900),(98,'418','vitb12',1.200),(99,'418','vitb12',1.800),(100,'418','vitb12',2.400),(101,'415','vitb6a',0.500),(102,'415','vitb6a',0.600),(103,'415','vitb6a',1.000),(104,'415','vitb6a',1.200),(105,'415','vitb6a',1.300),(106,'415','vitb6a',1.500),(107,'401','vitc',15.000),(108,'401','vitc',25.000),(109,'401','vitc',45.000),(110,'401','vitc',65.000),(111,'401','vitc',75.000),(112,'324','vitd',15.000),(113,'324','vitd',20.000),(114,'430','vitk1',30.000),(115,'430','vitk1',55.000),(116,'430','vitk1',60.000),(117,'430','vitk1',75.000),(118,'430','vitk1',90.000),(119,'255','water',1300.000),(120,'255','water',1700.000),(121,'255','water',2100.000),(122,'255','water',2300.000),(123,'255','water',2700.000),(124,'309','zn',3.000),(125,'309','zn',8.000),(126,'309','zn',9.000),(127,'301','ca',2500.000),(128,'301','ca',3000.000),(129,'301','ca',2000.000),(130,'421','choln',1000.000),(131,'421','choln',2000.000),(132,'421','choln',3000.000),(133,'421','choln',3500.000),(134,'312','cu',1.000),(135,'312','cu',3.000),(136,'312','cu',5.000),(137,'312','cu',8.000),(138,'312','cu',10.000),(139,'303','fe',40.000),(140,'303','fe',45.000),(141,'313','fld',1300.000),(142,'313','fld',2200.000),(143,'313','fld',10000.000),(144,'417','fol',600.000),(145,'417','fol',800.000),(146,'417','fol',1000.000),(147,'304','mg',65.000),(148,'304','mg',110.000),(149,'304','mg',350.000),(150,'315','mn',2.000),(151,'315','mn',3.000),(152,'315','mn',6.000),(153,'315','mn',9.000),(154,'315','mn',11.000),(155,'307','na',1900.000),(156,'307','na',2200.000),(157,'307','na',2300.000),(158,'406','nia',10.000),(159,'406','nia',15.000),(160,'406','nia',20.000),(161,'406','nia',30.000),(162,'406','nia',35.000),(163,'305','p',3000.000),(164,'305','p',4000.000),(165,'317','se',90.000),(166,'317','se',150.000),(167,'317','se',280.000),(168,'317','se',400.000),(169,'323','tocpha',200.000),(170,'323','tocpha',300.000),(171,'323','tocpha',600.000),(172,'323','tocpha',800.000),(173,'323','tocpha',1000.000),(174,'320','vita_rae',900.000),(175,'320','vita_rae',1700.000),(176,'320','vita_rae',2800.000),(177,'320','vita_rae',3000.000),(178,'415','vitb6a',30.000),(179,'415','vitb6a',40.000),(180,'415','vitb6a',60.000),(181,'415','vitb6a',80.000),(182,'415','vitb6a',100.000),(183,'401','vitc',450.000),(184,'401','vitc',650.000),(185,'401','vitc',1200.000),(186,'401','vitc',1800.000),(187,'401','vitc',2000.000),(188,'324','vitd',63.000),(189,'324','vitd',75.000),(190,'324','vitd',100.000),(191,'309','zn',7.000),(192,'309','zn',12.000),(193,'309','zn',23.000),(194,'309','zn',34.000),(195,'309','zn',40.000),(196,'205','chocdf',210.000),(197,'421','choln',550.000),(198,'312','cu',1.300),(199,'618','f18d2',13.000),(200,'619','f18d3',1.300),(201,'303','fe',9.000),(202,'291','fibtg',29.000),(203,'417','fol',500.000),(204,'306','k',5100.000),(205,'315','mn',2.600),(206,'406','nia',17.000),(207,'410','pantac',7.000),(208,'203','procnt',71.000),(209,'405','ribf',1.600),(210,'317','se',70.000),(211,'404','thia',1.400),(212,'323','tocpha',19.000),(213,'320','vita_rae',1200.000),(214,'320','vita_rae',1300.000),(215,'418','vitb12',2.800),(216,'415','vitb6a',2.000),(217,'401','vitc',115.000),(218,'401','vitc',120.000),(219,'255','water',3800.000),(220,'309','zn',13.000),(221,'618','f18d2',16.000),(222,'618','f18d2',17.000),(223,'618','f18d2',14.000),(224,'619','f18d3',1.200),(225,'619','f18d3',1.600),(226,'303','fe',11.000),(227,'291','fibtg',31.000),(228,'291','fibtg',38.000),(229,'291','fibtg',30.000),(230,'313','fld',4000.000),(231,'304','mg',410.000),(232,'304','mg',400.000),(233,'304','mg',420.000),(234,'315','mn',1.900),(235,'315','mn',2.200),(236,'315','mn',2.300),(237,'406','nia',16.000),(238,'203','procnt',52.000),(239,'203','procnt',56.000),(240,'405','ribf',1.300),(241,'404','thia',1.200),(242,'415','vitb6a',1.700),(243,'401','vitc',90.000),(244,'430','vitk1',120.000),(245,'255','water',2400.000),(246,'255','water',3300.000),(247,'255','water',3700.000),(248,'309','zn',5.000),(249,'309','zn',11.000),(250,'205','chocdf',175.000),(251,'421','choln',450.000),(252,'619','f18d3',1.400),(253,'303','fe',27.000),(254,'291','fibtg',28.000),(255,'406','nia',18.000),(256,'410','pantac',6.000),(257,'405','ribf',1.400),(258,'317','se',60.000),(259,'320','vita_rae',750.000),(260,'320','vita_rae',770.000),(261,'418','vitb12',2.600),(262,'415','vitb6a',1.900),(263,'401','vitc',80.000),(264,'401','vitc',85.000),(265,'255','water',3000.000),(266,'305','p',3500.000);
/*!40000 ALTER TABLE `reference_amounts` ENABLE KEYS */;

-- Look up the nutr_no in the USDA database, which must exist.
UPDATE `reference_amounts` a JOIN `usda`.`nutr_def` b USING(`tagname`)
    SET a.`nutr_no` = b.`nutr_no`;
ALTER TABLE `reference_amounts`
    MODIFY `nutr_no` CHAR(3) NOT NULL;
ALTER TABLE `reference_amounts`
    ADD UNIQUE INDEX (`nutr_no`, `amount`);

UNLOCK TABLES;

--
-- Table structure for table `reference_intake_by_age_and_sex`
--

DROP TABLE IF EXISTS `reference_intake_by_age_and_sex`;
/*!40101 SET @saved_cs_client     = @@character_set_client */;
/*!40101 SET character_set_client = utf8 */;
CREATE TABLE `reference_intake_by_age_and_sex` (
  `age_range_id` int(10) unsigned NOT NULL DEFAULT '0',
  `sex_id` int(10) unsigned NOT NULL DEFAULT '0',
  `type` enum('recommended','tolerable_upper') NOT NULL,
  `reference_amount_id` int(10) unsigned NOT NULL DEFAULT '0',
  UNIQUE KEY `age_range_id` (`age_range_id`,`sex_id`,`reference_amount_id`,`type`),
  KEY `age_range_id_2` (`age_range_id`,`sex_id`,`type`,`reference_amount_id`)
) ENGINE=InnoDB DEFAULT CHARSET=utf8;
/*!40101 SET character_set_client = @saved_cs_client */;

--
-- Dumping data for table `reference_intake_by_age_and_sex`
--

LOCK TABLES `reference_intake_by_age_and_sex` WRITE;
/*!40000 ALTER TABLE `reference_intake_by_age_and_sex` DISABLE KEYS */;
INSERT INTO `reference_intake_by_age_and_sex` VALUES (1,1,'recommended',1),(1,1,'recommended',5),(1,1,'recommended',6),(1,1,'recommended',11),(1,1,'recommended',16),(1,1,'recommended',20),(1,1,'recommended',24),(1,1,'recommended',29),(1,1,'recommended',33),(1,1,'recommended',37),(1,1,'tolerable_upper',39),(1,1,'recommended',41),(1,1,'recommended',45),(1,1,'recommended',51),(1,1,'recommended',55),(1,1,'tolerable_upper',57),(1,1,'recommended',59),(1,1,'recommended',63),(1,1,'recommended',67),(1,1,'recommended',71),(1,1,'recommended',75),(1,1,'recommended',80),(1,1,'recommended',84),(1,1,'recommended',89),(1,1,'recommended',93),(1,1,'tolerable_upper',95),(1,1,'recommended',97),(1,1,'recommended',101),(1,1,'recommended',107),(1,1,'recommended',112),(1,1,'recommended',114),(1,1,'recommended',119),(1,1,'recommended',124),(1,1,'tolerable_upper',127),(1,1,'tolerable_upper',130),(1,1,'tolerable_upper',134),(1,1,'tolerable_upper',139),(1,1,'tolerable_upper',141),(1,1,'tolerable_upper',147),(1,1,'tolerable_upper',150),(1,1,'tolerable_upper',158),(1,1,'tolerable_upper',163),(1,1,'tolerable_upper',165),(1,1,'tolerable_upper',169),(1,1,'tolerable_upper',178),(1,1,'tolerable_upper',183),(1,1,'tolerable_upper',188),(1,1,'tolerable_upper',191),(1,3,'recommended',1),(1,3,'recommended',5),(1,3,'recommended',6),(1,3,'recommended',11),(1,3,'recommended',16),(1,3,'recommended',20),(1,3,'recommended',24),(1,3,'recommended',29),(1,3,'recommended',33),(1,3,'recommended',37),(1,3,'tolerable_upper',39),(1,3,'recommended',41),(1,3,'recommended',45),(1,3,'recommended',51),(1,3,'recommended',55),(1,3,'tolerable_upper',57),(1,3,'recommended',59),(1,3,'recommended',63),(1,3,'recommended',67),(1,3,'recommended',71),(1,3,'recommended',75),(1,3,'recommended',80),(1,3,'recommended',84),(1,3,'recommended',89),(1,3,'recommended',93),(1,3,'tolerable_upper',95),(1,3,'recommended',97),(1,3,'recommended',101),(1,3,'recommended',107),(1,3,'recommended',112),(1,3,'recommended',114),(1,3,'recommended',119),(1,3,'recommended',124),(1,3,'tolerable_upper',127),(1,3,'tolerable_upper',130),(1,3,'tolerable_upper',134),(1,3,'tolerable_upper',139),(1,3,'tolerable_upper',141),(1,3,'tolerable_upper',147),(1,3,'tolerable_upper',150),(1,3,'tolerable_upper',158),(1,3,'tolerable_upper',163),(1,3,'tolerable_upper',165),(1,3,'tolerable_upper',169),(1,3,'tolerable_upper',178),(1,3,'tolerable_upper',183),(1,3,'tolerable_upper',188),(1,3,'tolerable_upper',191),(2,1,'recommended',2),(2,1,'recommended',5),(2,1,'recommended',7),(2,1,'recommended',12),(2,1,'recommended',17),(2,1,'recommended',21),(2,1,'recommended',25),(2,1,'recommended',30),(2,1,'recommended',34),(2,1,'recommended',38),(2,1,'tolerable_upper',40),(2,1,'recommended',42),(2,1,'recommended',46),(2,1,'recommended',52),(2,1,'recommended',56),(2,1,'recommended',60),(2,1,'recommended',64),(2,1,'recommended',68),(2,1,'recommended',72),(2,1,'recommended',76),(2,1,'recommended',81),(2,1,'recommended',85),(2,1,'recommended',90),(2,1,'recommended',94),(2,1,'recommended',98),(2,1,'recommended',102),(2,1,'recommended',108),(2,1,'recommended',112),(2,1,'recommended',115),(2,1,'recommended',120),(2,1,'recommended',124),(2,1,'tolerable_upper',127),(2,1,'tolerable_upper',130),(2,1,'tolerable_upper',135),(2,1,'tolerable_upper',139),(2,1,'tolerable_upper',142),(2,1,'tolerable_upper',148),(2,1,'tolerable_upper',151),(2,1,'tolerable_upper',155),(2,1,'tolerable_upper',159),(2,1,'tolerable_upper',163),(2,1,'tolerable_upper',166),(2,1,'tolerable_upper',170),(2,1,'tolerable_upper',174),(2,1,'tolerable_upper',179),(2,1,'tolerable_upper',184),(2,1,'tolerable_upper',189),(2,1,'tolerable_upper',192),(2,3,'recommended',2),(2,3,'recommended',5),(2,3,'recommended',7),(2,3,'recommended',12),(2,3,'recommended',17),(2,3,'recommended',21),(2,3,'recommended',25),(2,3,'recommended',30),(2,3,'recommended',34),(2,3,'recommended',38),(2,3,'tolerable_upper',40),(2,3,'recommended',42),(2,3,'recommended',46),(2,3,'recommended',52),(2,3,'recommended',56),(2,3,'recommended',60),(2,3,'recommended',64),(2,3,'recommended',68),(2,3,'recommended',72),(2,3,'recommended',76),(2,3,'recommended',81),(2,3,'recommended',85),(2,3,'recommended',90),(2,3,'recommended',94),(2,3,'recommended',98),(2,3,'recommended',102),(2,3,'recommended',108),(2,3,'recommended',112),(2,3,'recommended',115),(2,3,'recommended',120),(2,3,'recommended',124),(2,3,'tolerable_upper',127),(2,3,'tolerable_upper',130),(2,3,'tolerable_upper',135),(2,3,'tolerable_upper',139),(2,3,'tolerable_upper',142),(2,3,'tolerable_upper',148),(2,3,'tolerable_upper',151),(2,3,'tolerable_upper',155),(2,3,'tolerable_upper',159),(2,3,'tolerable_upper',163),(2,3,'tolerable_upper',166),(2,3,'tolerable_upper',170),(2,3,'tolerable_upper',174),(2,3,'tolerable_upper',179),(2,3,'tolerable_upper',184),(2,3,'tolerable_upper',189),(2,3,'tolerable_upper',192),(3,1,'recommended',3),(3,1,'recommended',5),(3,1,'recommended',8),(3,1,'recommended',13),(3,1,'recommended',17),(3,1,'recommended',22),(3,1,'recommended',26),(3,1,'recommended',31),(3,1,'recommended',35),(3,1,'recommended',39),(3,1,'recommended',43),(3,1,'recommended',47),(3,1,'recommended',53),(3,1,'recommended',57),(3,1,'recommended',61),(3,1,'recommended',65),(3,1,'recommended',69),(3,1,'recommended',73),(3,1,'recommended',77),(3,1,'recommended',82),(3,1,'recommended',86),(3,1,'recommended',91),(3,1,'recommended',95),(3,1,'recommended',99),(3,1,'recommended',103),(3,1,'recommended',109),(3,1,'recommended',112),(3,1,'recommended',116),(3,1,'recommended',121),(3,1,'recommended',125),(3,1,'tolerable_upper',128),(3,1,'tolerable_upper',131),(3,1,'tolerable_upper',136),(3,1,'tolerable_upper',139),(3,1,'tolerable_upper',143),(3,1,'tolerable_upper',144),(3,1,'tolerable_upper',149),(3,1,'tolerable_upper',152),(3,1,'tolerable_upper',156),(3,1,'tolerable_upper',160),(3,1,'tolerable_upper',164),(3,1,'tolerable_upper',167),(3,1,'tolerable_upper',171),(3,1,'tolerable_upper',175),(3,1,'tolerable_upper',180),(3,1,'tolerable_upper',185),(3,1,'tolerable_upper',190),(3,1,'tolerable_upper',193),(3,3,'recommended',3),(3,3,'recommended',5),(3,3,'recommended',8),(3,3,'recommended',13),(3,3,'recommended',19),(3,3,'recommended',26),(3,3,'recommended',35),(3,3,'recommended',39),(3,3,'recommended',43),(3,3,'recommended',47),(3,3,'recommended',57),(3,3,'recommended',61),(3,3,'recommended',65),(3,3,'recommended',69),(3,3,'recommended',73),(3,3,'recommended',77),(3,3,'recommended',82),(3,3,'recommended',86),(3,3,'recommended',91),(3,3,'recommended',95),(3,3,'recommended',99),(3,3,'recommended',103),(3,3,'recommended',109),(3,3,'recommended',112),(3,3,'recommended',116),(3,3,'tolerable_upper',128),(3,3,'tolerable_upper',131),(3,3,'tolerable_upper',136),(3,3,'tolerable_upper',139),(3,3,'tolerable_upper',143),(3,3,'tolerable_upper',144),(3,3,'tolerable_upper',149),(3,3,'tolerable_upper',152),(3,3,'tolerable_upper',156),(3,3,'tolerable_upper',160),(3,3,'tolerable_upper',164),(3,3,'tolerable_upper',167),(3,3,'tolerable_upper',171),(3,3,'tolerable_upper',175),(3,3,'tolerable_upper',180),(3,3,'tolerable_upper',185),(3,3,'tolerable_upper',190),(3,3,'tolerable_upper',193),(3,3,'recommended',224),(3,3,'recommended',227),(3,3,'recommended',234),(3,3,'recommended',245),(3,3,'recommended',248),(4,1,'recommended',3),(4,1,'recommended',5),(4,1,'recommended',9),(4,1,'recommended',14),(4,1,'recommended',18),(4,1,'recommended',23),(4,1,'recommended',27),(4,1,'recommended',31),(4,1,'recommended',36),(4,1,'recommended',40),(4,1,'recommended',44),(4,1,'recommended',48),(4,1,'recommended',53),(4,1,'recommended',57),(4,1,'recommended',62),(4,1,'recommended',65),(4,1,'recommended',70),(4,1,'recommended',74),(4,1,'recommended',78),(4,1,'recommended',83),(4,1,'recommended',87),(4,1,'recommended',92),(4,1,'recommended',96),(4,1,'recommended',100),(4,1,'recommended',104),(4,1,'recommended',110),(4,1,'recommended',112),(4,1,'recommended',117),(4,1,'recommended',122),(4,1,'recommended',126),(4,1,'tolerable_upper',128),(4,1,'tolerable_upper',132),(4,1,'tolerable_upper',137),(4,1,'tolerable_upper',140),(4,1,'tolerable_upper',143),(4,1,'tolerable_upper',145),(4,1,'tolerable_upper',149),(4,1,'tolerable_upper',153),(4,1,'tolerable_upper',157),(4,1,'tolerable_upper',161),(4,1,'tolerable_upper',164),(4,1,'tolerable_upper',168),(4,1,'tolerable_upper',172),(4,1,'tolerable_upper',176),(4,1,'tolerable_upper',181),(4,1,'tolerable_upper',186),(4,1,'tolerable_upper',190),(4,1,'tolerable_upper',194),(4,2,'recommended',3),(4,2,'recommended',25),(4,2,'recommended',36),(4,2,'recommended',48),(4,2,'recommended',57),(4,2,'recommended',65),(4,2,'recommended',112),(4,2,'recommended',117),(4,2,'tolerable_upper',128),(4,2,'tolerable_upper',132),(4,2,'tolerable_upper',137),(4,2,'tolerable_upper',140),(4,2,'tolerable_upper',143),(4,2,'tolerable_upper',145),(4,2,'tolerable_upper',149),(4,2,'tolerable_upper',153),(4,2,'tolerable_upper',157),(4,2,'tolerable_upper',161),(4,2,'tolerable_upper',164),(4,2,'tolerable_upper',168),(4,2,'tolerable_upper',172),(4,2,'tolerable_upper',176),(4,2,'tolerable_upper',181),(4,2,'tolerable_upper',186),(4,2,'tolerable_upper',190),(4,2,'tolerable_upper',194),(4,2,'recommended',196),(4,2,'recommended',197),(4,2,'recommended',198),(4,2,'recommended',199),(4,2,'recommended',200),(4,2,'recommended',202),(4,2,'recommended',203),(4,2,'recommended',204),(4,2,'recommended',205),(4,2,'recommended',206),(4,2,'recommended',207),(4,2,'recommended',208),(4,2,'recommended',209),(4,2,'recommended',210),(4,2,'recommended',211),(4,2,'recommended',212),(4,2,'recommended',213),(4,2,'recommended',215),(4,2,'recommended',216),(4,2,'recommended',217),(4,2,'recommended',219),(4,2,'recommended',220),(4,3,'recommended',3),(4,3,'recommended',5),(4,3,'recommended',14),(4,3,'recommended',36),(4,3,'recommended',40),(4,3,'recommended',44),(4,3,'recommended',57),(4,3,'recommended',65),(4,3,'recommended',70),(4,3,'recommended',83),(4,3,'recommended',92),(4,3,'recommended',100),(4,3,'recommended',105),(4,3,'recommended',111),(4,3,'recommended',112),(4,3,'recommended',117),(4,3,'recommended',125),(4,3,'tolerable_upper',128),(4,3,'tolerable_upper',132),(4,3,'tolerable_upper',137),(4,3,'tolerable_upper',140),(4,3,'tolerable_upper',143),(4,3,'tolerable_upper',145),(4,3,'tolerable_upper',149),(4,3,'tolerable_upper',153),(4,3,'tolerable_upper',157),(4,3,'tolerable_upper',161),(4,3,'tolerable_upper',164),(4,3,'tolerable_upper',168),(4,3,'tolerable_upper',172),(4,3,'recommended',174),(4,3,'tolerable_upper',176),(4,3,'tolerable_upper',181),(4,3,'tolerable_upper',186),(4,3,'tolerable_upper',190),(4,3,'tolerable_upper',194),(4,3,'recommended',197),(4,3,'recommended',221),(4,3,'recommended',225),(4,3,'recommended',226),(4,3,'recommended',228),(4,3,'recommended',231),(4,3,'recommended',235),(4,3,'recommended',237),(4,3,'recommended',238),(4,3,'recommended',240),(4,3,'recommended',241),(4,3,'recommended',246),(4,4,'recommended',3),(4,4,'recommended',36),(4,4,'recommended',44),(4,4,'recommended',57),(4,4,'recommended',65),(4,4,'recommended',92),(4,4,'recommended',112),(4,4,'recommended',117),(4,4,'tolerable_upper',128),(4,4,'tolerable_upper',132),(4,4,'recommended',134),(4,4,'tolerable_upper',137),(4,4,'tolerable_upper',140),(4,4,'tolerable_upper',143),(4,4,'recommended',144),(4,4,'tolerable_upper',145),(4,4,'tolerable_upper',149),(4,4,'recommended',150),(4,4,'tolerable_upper',153),(4,4,'tolerable_upper',157),(4,4,'tolerable_upper',161),(4,4,'tolerable_upper',168),(4,4,'tolerable_upper',172),(4,4,'tolerable_upper',176),(4,4,'tolerable_upper',181),(4,4,'tolerable_upper',186),(4,4,'tolerable_upper',190),(4,4,'recommended',192),(4,4,'tolerable_upper',194),(4,4,'recommended',199),(4,4,'recommended',208),(4,4,'recommended',211),(4,4,'recommended',232),(4,4,'recommended',250),(4,4,'recommended',251),(4,4,'recommended',252),(4,4,'recommended',253),(4,4,'recommended',254),(4,4,'recommended',255),(4,4,'recommended',256),(4,4,'recommended',257),(4,4,'recommended',258),(4,4,'recommended',259),(4,4,'recommended',261),(4,4,'recommended',262),(4,4,'recommended',263),(4,4,'recommended',265),(4,4,'tolerable_upper',266),(5,1,'recommended',2),(5,1,'recommended',5),(5,1,'recommended',10),(5,1,'recommended',15),(5,1,'recommended',19),(5,1,'recommended',23),(5,1,'recommended',28),(5,1,'recommended',30),(5,1,'recommended',36),(5,1,'recommended',40),(5,1,'recommended',44),(5,1,'recommended',49),(5,1,'recommended',54),(5,1,'recommended',57),(5,1,'recommended',62),(5,1,'recommended',66),(5,1,'recommended',70),(5,1,'recommended',74),(5,1,'recommended',79),(5,1,'recommended',83),(5,1,'recommended',88),(5,1,'recommended',92),(5,1,'recommended',96),(5,1,'recommended',100),(5,1,'recommended',105),(5,1,'recommended',111),(5,1,'recommended',112),(5,1,'recommended',118),(5,1,'recommended',123),(5,1,'recommended',125),(5,1,'tolerable_upper',127),(5,1,'tolerable_upper',133),(5,1,'tolerable_upper',138),(5,1,'tolerable_upper',140),(5,1,'tolerable_upper',143),(5,1,'tolerable_upper',146),(5,1,'tolerable_upper',149),(5,1,'tolerable_upper',154),(5,1,'tolerable_upper',157),(5,1,'tolerable_upper',162),(5,1,'tolerable_upper',164),(5,1,'tolerable_upper',168),(5,1,'tolerable_upper',173),(5,1,'tolerable_upper',177),(5,1,'tolerable_upper',182),(5,1,'tolerable_upper',187),(5,1,'tolerable_upper',190),(5,1,'tolerable_upper',195),(5,2,'recommended',2),(5,2,'recommended',36),(5,2,'recommended',49),(5,2,'recommended',57),(5,2,'recommended',66),(5,2,'recommended',112),(5,2,'recommended',118),(5,2,'tolerable_upper',127),(5,2,'tolerable_upper',133),(5,2,'tolerable_upper',138),(5,2,'tolerable_upper',140),(5,2,'tolerable_upper',143),(5,2,'tolerable_upper',146),(5,2,'tolerable_upper',149),(5,2,'tolerable_upper',154),(5,2,'tolerable_upper',157),(5,2,'tolerable_upper',162),(5,2,'tolerable_upper',164),(5,2,'tolerable_upper',168),(5,2,'tolerable_upper',173),(5,2,'tolerable_upper',177),(5,2,'tolerable_upper',182),(5,2,'tolerable_upper',187),(5,2,'tolerable_upper',190),(5,2,'recommended',192),(5,2,'tolerable_upper',195),(5,2,'recommended',196),(5,2,'recommended',197),(5,2,'recommended',198),(5,2,'recommended',199),(5,2,'recommended',200),(5,2,'recommended',201),(5,2,'recommended',202),(5,2,'recommended',203),(5,2,'recommended',204),(5,2,'recommended',205),(5,2,'recommended',206),(5,2,'recommended',207),(5,2,'recommended',208),(5,2,'recommended',209),(5,2,'recommended',210),(5,2,'recommended',211),(5,2,'recommended',212),(5,2,'recommended',214),(5,2,'recommended',215),(5,2,'recommended',216),(5,2,'recommended',218),(5,2,'recommended',219),(5,3,'recommended',2),(5,3,'recommended',5),(5,3,'recommended',15),(5,3,'recommended',26),(5,3,'recommended',40),(5,3,'recommended',44),(5,3,'recommended',57),(5,3,'recommended',66),(5,3,'recommended',70),(5,3,'recommended',83),(5,3,'recommended',92),(5,3,'recommended',100),(5,3,'recommended',105),(5,3,'recommended',112),(5,3,'tolerable_upper',127),(5,3,'tolerable_upper',133),(5,3,'tolerable_upper',138),(5,3,'tolerable_upper',140),(5,3,'tolerable_upper',143),(5,3,'tolerable_upper',146),(5,3,'tolerable_upper',149),(5,3,'tolerable_upper',154),(5,3,'tolerable_upper',157),(5,3,'tolerable_upper',162),(5,3,'tolerable_upper',164),(5,3,'tolerable_upper',168),(5,3,'tolerable_upper',173),(5,3,'recommended',174),(5,3,'tolerable_upper',177),(5,3,'tolerable_upper',182),(5,3,'tolerable_upper',187),(5,3,'tolerable_upper',190),(5,3,'tolerable_upper',195),(5,3,'recommended',197),(5,3,'recommended',222),(5,3,'recommended',225),(5,3,'recommended',228),(5,3,'recommended',230),(5,3,'recommended',232),(5,3,'recommended',236),(5,3,'recommended',237),(5,3,'recommended',239),(5,3,'recommended',240),(5,3,'recommended',241),(5,3,'recommended',243),(5,3,'recommended',244),(5,3,'recommended',247),(5,3,'recommended',249),(5,4,'recommended',2),(5,4,'recommended',36),(5,4,'recommended',44),(5,4,'recommended',57),(5,4,'recommended',66),(5,4,'recommended',92),(5,4,'recommended',112),(5,4,'recommended',118),(5,4,'tolerable_upper',127),(5,4,'tolerable_upper',133),(5,4,'recommended',134),(5,4,'tolerable_upper',138),(5,4,'tolerable_upper',140),(5,4,'tolerable_upper',143),(5,4,'recommended',144),(5,4,'tolerable_upper',146),(5,4,'recommended',149),(5,4,'tolerable_upper',149),(5,4,'recommended',150),(5,4,'tolerable_upper',154),(5,4,'tolerable_upper',157),(5,4,'tolerable_upper',162),(5,4,'tolerable_upper',168),(5,4,'tolerable_upper',173),(5,4,'tolerable_upper',177),(5,4,'tolerable_upper',182),(5,4,'tolerable_upper',187),(5,4,'tolerable_upper',190),(5,4,'tolerable_upper',195),(5,4,'recommended',199),(5,4,'recommended',208),(5,4,'recommended',211),(5,4,'recommended',249),(5,4,'recommended',250),(5,4,'recommended',251),(5,4,'recommended',252),(5,4,'recommended',253),(5,4,'recommended',254),(5,4,'recommended',255),(5,4,'recommended',256),(5,4,'recommended',257),(5,4,'recommended',258),(5,4,'recommended',260),(5,4,'recommended',261),(5,4,'recommended',262),(5,4,'recommended',264),(5,4,'recommended',265),(5,4,'tolerable_upper',266),(6,1,'recommended',2),(6,1,'recommended',5),(6,1,'recommended',10),(6,1,'recommended',15),(6,1,'recommended',19),(6,1,'recommended',23),(6,1,'recommended',28),(6,1,'recommended',30),(6,1,'recommended',36),(6,1,'recommended',40),(6,1,'recommended',44),(6,1,'recommended',50),(6,1,'recommended',54),(6,1,'recommended',57),(6,1,'recommended',62),(6,1,'recommended',66),(6,1,'recommended',70),(6,1,'recommended',74),(6,1,'recommended',79),(6,1,'recommended',83),(6,1,'recommended',88),(6,1,'recommended',92),(6,1,'recommended',96),(6,1,'recommended',100),(6,1,'recommended',105),(6,1,'recommended',111),(6,1,'recommended',112),(6,1,'recommended',118),(6,1,'recommended',123),(6,1,'recommended',125),(6,1,'tolerable_upper',127),(6,1,'tolerable_upper',133),(6,1,'tolerable_upper',138),(6,1,'tolerable_upper',140),(6,1,'tolerable_upper',143),(6,1,'tolerable_upper',146),(6,1,'tolerable_upper',149),(6,1,'tolerable_upper',154),(6,1,'tolerable_upper',157),(6,1,'tolerable_upper',162),(6,1,'tolerable_upper',164),(6,1,'tolerable_upper',168),(6,1,'tolerable_upper',173),(6,1,'tolerable_upper',177),(6,1,'tolerable_upper',182),(6,1,'tolerable_upper',187),(6,1,'tolerable_upper',190),(6,1,'tolerable_upper',195),(6,2,'recommended',2),(6,2,'recommended',36),(6,2,'recommended',50),(6,2,'recommended',57),(6,2,'recommended',66),(6,2,'recommended',112),(6,2,'recommended',118),(6,2,'tolerable_upper',127),(6,2,'tolerable_upper',133),(6,2,'tolerable_upper',138),(6,2,'tolerable_upper',140),(6,2,'tolerable_upper',143),(6,2,'tolerable_upper',146),(6,2,'tolerable_upper',149),(6,2,'tolerable_upper',154),(6,2,'tolerable_upper',157),(6,2,'tolerable_upper',162),(6,2,'tolerable_upper',164),(6,2,'tolerable_upper',168),(6,2,'tolerable_upper',173),(6,2,'tolerable_upper',177),(6,2,'tolerable_upper',182),(6,2,'tolerable_upper',187),(6,2,'tolerable_upper',190),(6,2,'recommended',192),(6,2,'tolerable_upper',195),(6,2,'recommended',196),(6,2,'recommended',197),(6,2,'recommended',198),(6,2,'recommended',199),(6,2,'recommended',200),(6,2,'recommended',201),(6,2,'recommended',202),(6,2,'recommended',203),(6,2,'recommended',204),(6,2,'recommended',205),(6,2,'recommended',206),(6,2,'recommended',207),(6,2,'recommended',208),(6,2,'recommended',209),(6,2,'recommended',210),(6,2,'recommended',211),(6,2,'recommended',212),(6,2,'recommended',214),(6,2,'recommended',215),(6,2,'recommended',216),(6,2,'recommended',218),(6,2,'recommended',219),(6,3,'recommended',2),(6,3,'recommended',5),(6,3,'recommended',15),(6,3,'recommended',26),(6,3,'recommended',40),(6,3,'recommended',44),(6,3,'recommended',57),(6,3,'recommended',66),(6,3,'recommended',70),(6,3,'recommended',83),(6,3,'recommended',92),(6,3,'recommended',100),(6,3,'recommended',105),(6,3,'recommended',112),(6,3,'tolerable_upper',127),(6,3,'tolerable_upper',133),(6,3,'tolerable_upper',138),(6,3,'tolerable_upper',140),(6,3,'tolerable_upper',143),(6,3,'tolerable_upper',146),(6,3,'tolerable_upper',149),(6,3,'tolerable_upper',154),(6,3,'tolerable_upper',157),(6,3,'tolerable_upper',162),(6,3,'tolerable_upper',164),(6,3,'tolerable_upper',168),(6,3,'tolerable_upper',173),(6,3,'recommended',174),(6,3,'tolerable_upper',177),(6,3,'tolerable_upper',182),(6,3,'tolerable_upper',187),(6,3,'tolerable_upper',190),(6,3,'tolerable_upper',195),(6,3,'recommended',197),(6,3,'recommended',222),(6,3,'recommended',225),(6,3,'recommended',228),(6,3,'recommended',230),(6,3,'recommended',233),(6,3,'recommended',236),(6,3,'recommended',237),(6,3,'recommended',239),(6,3,'recommended',240),(6,3,'recommended',241),(6,3,'recommended',243),(6,3,'recommended',244),(6,3,'recommended',247),(6,3,'recommended',249),(6,4,'recommended',2),(6,4,'recommended',36),(6,4,'recommended',44),(6,4,'recommended',48),(6,4,'recommended',57),(6,4,'recommended',66),(6,4,'recommended',92),(6,4,'recommended',112),(6,4,'recommended',118),(6,4,'tolerable_upper',127),(6,4,'tolerable_upper',133),(6,4,'recommended',134),(6,4,'tolerable_upper',138),(6,4,'tolerable_upper',140),(6,4,'tolerable_upper',143),(6,4,'recommended',144),(6,4,'tolerable_upper',146),(6,4,'tolerable_upper',149),(6,4,'recommended',150),(6,4,'tolerable_upper',154),(6,4,'tolerable_upper',157),(6,4,'tolerable_upper',162),(6,4,'tolerable_upper',168),(6,4,'tolerable_upper',173),(6,4,'tolerable_upper',177),(6,4,'tolerable_upper',182),(6,4,'tolerable_upper',187),(6,4,'tolerable_upper',190),(6,4,'tolerable_upper',195),(6,4,'recommended',199),(6,4,'recommended',208),(6,4,'recommended',211),(6,4,'recommended',249),(6,4,'recommended',250),(6,4,'recommended',251),(6,4,'recommended',252),(6,4,'recommended',253),(6,4,'recommended',254),(6,4,'recommended',255),(6,4,'recommended',256),(6,4,'recommended',257),(6,4,'recommended',258),(6,4,'recommended',260),(6,4,'recommended',261),(6,4,'recommended',262),(6,4,'recommended',264),(6,4,'recommended',265),(6,4,'tolerable_upper',266),(7,1,'recommended',4),(7,1,'recommended',5),(7,1,'recommended',10),(7,1,'recommended',15),(7,1,'recommended',18),(7,1,'recommended',23),(7,1,'recommended',26),(7,1,'recommended',32),(7,1,'recommended',36),(7,1,'recommended',40),(7,1,'recommended',44),(7,1,'recommended',50),(7,1,'recommended',54),(7,1,'recommended',58),(7,1,'recommended',62),(7,1,'recommended',66),(7,1,'recommended',70),(7,1,'recommended',74),(7,1,'recommended',79),(7,1,'recommended',83),(7,1,'recommended',88),(7,1,'recommended',92),(7,1,'recommended',96),(7,1,'recommended',100),(7,1,'recommended',106),(7,1,'recommended',111),(7,1,'recommended',112),(7,1,'recommended',118),(7,1,'recommended',123),(7,1,'recommended',125),(7,1,'tolerable_upper',129),(7,1,'tolerable_upper',133),(7,1,'tolerable_upper',138),(7,1,'tolerable_upper',140),(7,1,'tolerable_upper',143),(7,1,'tolerable_upper',146),(7,1,'tolerable_upper',149),(7,1,'tolerable_upper',154),(7,1,'tolerable_upper',157),(7,1,'tolerable_upper',162),(7,1,'tolerable_upper',164),(7,1,'tolerable_upper',168),(7,1,'tolerable_upper',173),(7,1,'tolerable_upper',177),(7,1,'tolerable_upper',182),(7,1,'tolerable_upper',187),(7,1,'tolerable_upper',190),(7,1,'tolerable_upper',195),(7,3,'recommended',2),(7,3,'recommended',5),(7,3,'recommended',15),(7,3,'recommended',26),(7,3,'recommended',40),(7,3,'recommended',44),(7,3,'recommended',58),(7,3,'recommended',66),(7,3,'recommended',70),(7,3,'recommended',83),(7,3,'recommended',92),(7,3,'recommended',100),(7,3,'recommended',112),(7,3,'tolerable_upper',129),(7,3,'tolerable_upper',133),(7,3,'tolerable_upper',138),(7,3,'tolerable_upper',140),(7,3,'tolerable_upper',143),(7,3,'tolerable_upper',146),(7,3,'tolerable_upper',149),(7,3,'tolerable_upper',154),(7,3,'tolerable_upper',157),(7,3,'tolerable_upper',162),(7,3,'tolerable_upper',164),(7,3,'tolerable_upper',168),(7,3,'tolerable_upper',173),(7,3,'recommended',174),(7,3,'tolerable_upper',177),(7,3,'tolerable_upper',182),(7,3,'tolerable_upper',187),(7,3,'tolerable_upper',190),(7,3,'tolerable_upper',195),(7,3,'recommended',197),(7,3,'recommended',223),(7,3,'recommended',225),(7,3,'recommended',229),(7,3,'recommended',230),(7,3,'recommended',233),(7,3,'recommended',236),(7,3,'recommended',237),(7,3,'recommended',239),(7,3,'recommended',240),(7,3,'recommended',241),(7,3,'recommended',242),(7,3,'recommended',243),(7,3,'recommended',244),(7,3,'recommended',247),(7,3,'recommended',249),(8,1,'recommended',4),(8,1,'recommended',5),(8,1,'recommended',10),(8,1,'recommended',15),(8,1,'recommended',18),(8,1,'recommended',23),(8,1,'recommended',26),(8,1,'recommended',32),(8,1,'recommended',36),(8,1,'recommended',40),(8,1,'recommended',44),(8,1,'recommended',50),(8,1,'recommended',54),(8,1,'recommended',56),(8,1,'recommended',62),(8,1,'recommended',66),(8,1,'recommended',70),(8,1,'recommended',74),(8,1,'recommended',79),(8,1,'recommended',83),(8,1,'recommended',88),(8,1,'recommended',92),(8,1,'recommended',96),(8,1,'recommended',100),(8,1,'recommended',106),(8,1,'recommended',111),(8,1,'recommended',113),(8,1,'recommended',118),(8,1,'recommended',123),(8,1,'recommended',125),(8,1,'tolerable_upper',129),(8,1,'tolerable_upper',133),(8,1,'tolerable_upper',138),(8,1,'tolerable_upper',140),(8,1,'tolerable_upper',143),(8,1,'tolerable_upper',146),(8,1,'tolerable_upper',149),(8,1,'tolerable_upper',154),(8,1,'tolerable_upper',157),(8,1,'tolerable_upper',162),(8,1,'tolerable_upper',163),(8,1,'tolerable_upper',168),(8,1,'tolerable_upper',173),(8,1,'tolerable_upper',177),(8,1,'tolerable_upper',182),(8,1,'tolerable_upper',187),(8,1,'tolerable_upper',190),(8,1,'tolerable_upper',195),(8,3,'recommended',4),(8,3,'recommended',5),(8,3,'recommended',15),(8,3,'recommended',26),(8,3,'recommended',40),(8,3,'recommended',44),(8,3,'recommended',56),(8,3,'recommended',66),(8,3,'recommended',70),(8,3,'recommended',83),(8,3,'recommended',92),(8,3,'recommended',100),(8,3,'recommended',113),(8,3,'tolerable_upper',129),(8,3,'tolerable_upper',133),(8,3,'tolerable_upper',138),(8,3,'tolerable_upper',140),(8,3,'tolerable_upper',143),(8,3,'tolerable_upper',146),(8,3,'tolerable_upper',149),(8,3,'tolerable_upper',154),(8,3,'tolerable_upper',157),(8,3,'tolerable_upper',162),(8,3,'tolerable_upper',163),(8,3,'tolerable_upper',168),(8,3,'tolerable_upper',173),(8,3,'recommended',174),(8,3,'tolerable_upper',177),(8,3,'tolerable_upper',182),(8,3,'tolerable_upper',187),(8,3,'tolerable_upper',190),(8,3,'tolerable_upper',195),(8,3,'recommended',197),(8,3,'recommended',223),(8,3,'recommended',225),(8,3,'recommended',229),(8,3,'recommended',230),(8,3,'recommended',233),(8,3,'recommended',236),(8,3,'recommended',237),(8,3,'recommended',239),(8,3,'recommended',240),(8,3,'recommended',241),(8,3,'recommended',242),(8,3,'recommended',243),(8,3,'recommended',244),(8,3,'recommended',247),(8,3,'recommended',249);
/*!40000 ALTER TABLE `reference_intake_by_age_and_sex` ENABLE KEYS */;
UNLOCK TABLES;

--
-- Table structure for table `sexes`
--

DROP TABLE IF EXISTS `sexes`;
/*!40101 SET @saved_cs_client     = @@character_set_client */;
/*!40101 SET character_set_client = utf8 */;
CREATE TABLE `sexes` (
  `sex_id` int(10) unsigned NOT NULL AUTO_INCREMENT,
  `sex` char(9) NOT NULL,
  PRIMARY KEY (`sex_id`),
  UNIQUE KEY `sex` (`sex`)
) ENGINE=InnoDB AUTO_INCREMENT=5 DEFAULT CHARSET=utf8;
/*!40101 SET character_set_client = @saved_cs_client */;

--
-- Dumping data for table `sexes`
--

LOCK TABLES `sexes` WRITE;
/*!40000 ALTER TABLE `sexes` DISABLE KEYS */;
INSERT INTO `sexes` VALUES (1,'Female'),(2,'Lactating'),(3,'Male'),(4,'Pregnant');
/*!40000 ALTER TABLE `sexes` ENABLE KEYS */;
UNLOCK TABLES;

--
-- Final view structure for view `dietary_reference_intake`
--

/*!50001 DROP VIEW IF EXISTS `dietary_reference_intake`*/;
/*!50001 SET @saved_cs_client          = @@character_set_client */;
/*!50001 SET @saved_cs_results         = @@character_set_results */;
/*!50001 SET @saved_col_connection     = @@collation_connection */;
/*!50001 SET character_set_client      = utf8 */;
/*!50001 SET character_set_results     = utf8 */;
/*!50001 SET collation_connection      = utf8_general_ci */;
/*!50001 CREATE ALGORITHM=UNDEFINED */
/*!50013 DEFINER=`root`@`localhost` SQL SECURITY DEFINER */
/*!50001 VIEW `dietary_reference_intake` AS select `age_ranges`.`age_from` AS `age_from`,`age_ranges`.`age_to` AS `age_to`,`sexes`.`sex` AS `sex`,`reference_amounts`.`nutr_no` AS `nutr_no`,`reference_amounts`.`tagname` AS `tagname`,`reference_intake_by_age_and_sex`.`type` AS `type`,`reference_amounts`.`amount` AS `amount` from (((`reference_intake_by_age_and_sex` join `age_ranges` on((`reference_intake_by_age_and_sex`.`age_range_id` = `age_ranges`.`age_range_id`))) join `sexes` on((`reference_intake_by_age_and_sex`.`sex_id` = `sexes`.`sex_id`))) join `reference_amounts` on((`reference_intake_by_age_and_sex`.`reference_amount_id` = `reference_amounts`.`reference_amount_id`))) */;
/*!50001 SET character_set_client      = @saved_cs_client */;
/*!50001 SET character_set_results     = @saved_cs_results */;
/*!50001 SET collation_connection      = @saved_col_connection */;

--
-- Final view structure for view `dietary_reference_intake_flat`
--

/*!50001 DROP VIEW IF EXISTS `dietary_reference_intake_flat`*/;
/*!50001 SET @saved_cs_client          = @@character_set_client */;
/*!50001 SET @saved_cs_results         = @@character_set_results */;
/*!50001 SET @saved_col_connection     = @@collation_connection */;
/*!50001 SET character_set_client      = latin1 */;
/*!50001 SET character_set_results     = latin1 */;
/*!50001 SET collation_connection      = latin1_swedish_ci */;
/*!50001 CREATE ALGORITHM=UNDEFINED */
/*!50013 DEFINER=`root`@`%` SQL SECURITY DEFINER */
/*!50001 VIEW `dietary_reference_intake_flat` AS select `age_ranges`.`age_from` AS `age_from`,`age_ranges`.`age_to` AS `age_to`,`sexes`.`sex` AS `sex`,`r1`.`type` AS `type`,`water`.`amount` AS `water`,`procnt`.`amount` AS `procnt`,`chocdf`.`amount` AS `chocdf`,`fibtg`.`amount` AS `fibtg`,`ca`.`amount` AS `ca`,`fe`.`amount` AS `fe`,`mg`.`amount` AS `mg`,`p`.`amount` AS `p`,`k`.`amount` AS `k`,`na`.`amount` AS `na`,`zn`.`amount` AS `zn`,`cu`.`amount` AS `cu`,`mn`.`amount` AS `mn`,`se`.`amount` AS `se`,`vitc`.`amount` AS `vitc`,`thia`.`amount` AS `thia`,`ribf`.`amount` AS `ribf`,`nia`.`amount` AS `nia`,`vitb6a`.`amount` AS `vitb6a`,`fol`.`amount` AS `fol`,`choln`.`amount` AS `choln`,`vitb12`.`amount` AS `vitb12`,`vita_rae`.`amount` AS `vita_rae`,`tocpha`.`amount` AS `tocpha`,`vitd`.`amount` AS `vitd`,`vitk1`.`amount` AS `vitk1`,`f18d2`.`amount` AS `f18d2`,`f18d3`.`amount` AS `f18d3` from (((((((((((((((((((((((((((((((((((((((((((((((((((((((((`sexes` straight_join `age_ranges`) straight_join `reference_intake_by_age_and_sex` `r1` on(((`r1`.`sex_id` = `sexes`.`sex_id`) and (`r1`.`age_range_id` = `age_ranges`.`age_range_id`)))) straight_join `reference_amounts` `water` USE INDEX (`reference_amount_id`) on(((`water`.`reference_amount_id` = `r1`.`reference_amount_id`) and (`water`.`tagname` = 'water')))) straight_join `reference_intake_by_age_and_sex` `r2` on(((`r2`.`sex_id` = `sexes`.`sex_id`) and (`r2`.`age_range_id` = `age_ranges`.`age_range_id`) and (`r2`.`type` = `r1`.`type`)))) straight_join `reference_amounts` `procnt` USE INDEX (`reference_amount_id`) on(((`procnt`.`reference_amount_id` = `r2`.`reference_amount_id`) and (`procnt`.`tagname` = 'procnt')))) straight_join `reference_intake_by_age_and_sex` `r3` on(((`r3`.`sex_id` = `sexes`.`sex_id`) and (`r3`.`age_range_id` = `age_ranges`.`age_range_id`) and (`r3`.`type` = `r1`.`type`)))) straight_join `reference_amounts` `chocdf` USE INDEX (`reference_amount_id`) on(((`chocdf`.`reference_amount_id` = `r3`.`reference_amount_id`) and (`chocdf`.`tagname` = 'chocdf')))) straight_join `reference_intake_by_age_and_sex` `r4` on(((`r4`.`sex_id` = `sexes`.`sex_id`) and (`r4`.`age_range_id` = `age_ranges`.`age_range_id`) and (`r4`.`type` = `r1`.`type`)))) straight_join `reference_amounts` `fibtg` USE INDEX (`reference_amount_id`) on(((`fibtg`.`reference_amount_id` = `r4`.`reference_amount_id`) and (`fibtg`.`tagname` = 'fibtg')))) straight_join `reference_intake_by_age_and_sex` `r5` on(((`r5`.`sex_id` = `sexes`.`sex_id`) and (`r5`.`age_range_id` = `age_ranges`.`age_range_id`) and (`r5`.`type` = `r1`.`type`)))) straight_join `reference_amounts` `ca` USE INDEX (`reference_amount_id`) on(((`ca`.`reference_amount_id` = `r5`.`reference_amount_id`) and (`ca`.`tagname` = 'ca')))) straight_join `reference_intake_by_age_and_sex` `r6` on(((`r6`.`sex_id` = `sexes`.`sex_id`) and (`r6`.`age_range_id` = `age_ranges`.`age_range_id`) and (`r6`.`type` = `r1`.`type`)))) straight_join `reference_amounts` `fe` USE INDEX (`reference_amount_id`) on(((`fe`.`reference_amount_id` = `r6`.`reference_amount_id`) and (`fe`.`tagname` = 'fe')))) straight_join `reference_intake_by_age_and_sex` `r7` on(((`r7`.`sex_id` = `sexes`.`sex_id`) and (`r7`.`age_range_id` = `age_ranges`.`age_range_id`) and (`r7`.`type` = `r1`.`type`)))) straight_join `reference_amounts` `mg` USE INDEX (`reference_amount_id`) on(((`mg`.`reference_amount_id` = `r7`.`reference_amount_id`) and (`mg`.`tagname` = 'mg')))) straight_join `reference_intake_by_age_and_sex` `r8` on(((`r8`.`sex_id` = `sexes`.`sex_id`) and (`r8`.`age_range_id` = `age_ranges`.`age_range_id`) and (`r8`.`type` = `r1`.`type`)))) straight_join `reference_amounts` `p` USE INDEX (`reference_amount_id`) on(((`p`.`reference_amount_id` = `r8`.`reference_amount_id`) and (`p`.`tagname` = 'p')))) straight_join `reference_intake_by_age_and_sex` `r9` on(((`r9`.`sex_id` = `sexes`.`sex_id`) and (`r9`.`age_range_id` = `age_ranges`.`age_range_id`) and (`r9`.`type` = `r1`.`type`)))) straight_join `reference_amounts` `k` USE INDEX (`reference_amount_id`) on(((`k`.`reference_amount_id` = `r9`.`reference_amount_id`) and (`k`.`tagname` = 'k')))) straight_join `reference_intake_by_age_and_sex` `r10` on(((`r10`.`sex_id` = `sexes`.`sex_id`) and (`r10`.`age_range_id` = `age_ranges`.`age_range_id`) and (`r10`.`type` = `r1`.`type`)))) straight_join `reference_amounts` `na` USE INDEX (`reference_amount_id`) on(((`na`.`reference_amount_id` = `r10`.`reference_amount_id`) and (`na`.`tagname` = 'na')))) straight_join `reference_intake_by_age_and_sex` `r11` on(((`r11`.`sex_id` = `sexes`.`sex_id`) and (`r11`.`age_range_id` = `age_ranges`.`age_range_id`) and (`r11`.`type` = `r1`.`type`)))) straight_join `reference_amounts` `zn` USE INDEX (`reference_amount_id`) on(((`zn`.`reference_amount_id` = `r11`.`reference_amount_id`) and (`zn`.`tagname` = 'zn')))) straight_join `reference_intake_by_age_and_sex` `r12` on(((`r12`.`sex_id` = `sexes`.`sex_id`) and (`r12`.`age_range_id` = `age_ranges`.`age_range_id`) and (`r12`.`type` = `r1`.`type`)))) straight_join `reference_amounts` `cu` USE INDEX (`reference_amount_id`) on(((`cu`.`reference_amount_id` = `r12`.`reference_amount_id`) and (`cu`.`tagname` = 'cu')))) straight_join `reference_intake_by_age_and_sex` `r13` on(((`r13`.`sex_id` = `sexes`.`sex_id`) and (`r13`.`age_range_id` = `age_ranges`.`age_range_id`) and (`r13`.`type` = `r1`.`type`)))) straight_join `reference_amounts` `mn` USE INDEX (`reference_amount_id`) on(((`mn`.`reference_amount_id` = `r13`.`reference_amount_id`) and (`mn`.`tagname` = 'mn')))) straight_join `reference_intake_by_age_and_sex` `r14` on(((`r14`.`sex_id` = `sexes`.`sex_id`) and (`r14`.`age_range_id` = `age_ranges`.`age_range_id`) and (`r14`.`type` = `r1`.`type`)))) straight_join `reference_amounts` `se` USE INDEX (`reference_amount_id`) on(((`se`.`reference_amount_id` = `r14`.`reference_amount_id`) and (`se`.`tagname` = 'se')))) straight_join `reference_intake_by_age_and_sex` `r15` on(((`r15`.`sex_id` = `sexes`.`sex_id`) and (`r15`.`age_range_id` = `age_ranges`.`age_range_id`) and (`r15`.`type` = `r1`.`type`)))) straight_join `reference_amounts` `vitc` USE INDEX (`reference_amount_id`) on(((`vitc`.`reference_amount_id` = `r15`.`reference_amount_id`) and (`vitc`.`tagname` = 'vitc')))) straight_join `reference_intake_by_age_and_sex` `r16` on(((`r16`.`sex_id` = `sexes`.`sex_id`) and (`r16`.`age_range_id` = `age_ranges`.`age_range_id`) and (`r16`.`type` = `r1`.`type`)))) straight_join `reference_amounts` `thia` USE INDEX (`reference_amount_id`) on(((`thia`.`reference_amount_id` = `r16`.`reference_amount_id`) and (`thia`.`tagname` = 'thia')))) straight_join `reference_intake_by_age_and_sex` `r17` on(((`r17`.`sex_id` = `sexes`.`sex_id`) and (`r17`.`age_range_id` = `age_ranges`.`age_range_id`) and (`r17`.`type` = `r1`.`type`)))) straight_join `reference_amounts` `ribf` USE INDEX (`reference_amount_id`) on(((`ribf`.`reference_amount_id` = `r17`.`reference_amount_id`) and (`ribf`.`tagname` = 'ribf')))) straight_join `reference_intake_by_age_and_sex` `r18` on(((`r18`.`sex_id` = `sexes`.`sex_id`) and (`r18`.`age_range_id` = `age_ranges`.`age_range_id`) and (`r18`.`type` = `r1`.`type`)))) straight_join `reference_amounts` `nia` USE INDEX (`reference_amount_id`) on(((`nia`.`reference_amount_id` = `r18`.`reference_amount_id`) and (`nia`.`tagname` = 'nia')))) straight_join `reference_intake_by_age_and_sex` `r19` on(((`r19`.`sex_id` = `sexes`.`sex_id`) and (`r19`.`age_range_id` = `age_ranges`.`age_range_id`) and (`r19`.`type` = `r1`.`type`)))) straight_join `reference_amounts` `vitb6a` USE INDEX (`reference_amount_id`) on(((`vitb6a`.`reference_amount_id` = `r19`.`reference_amount_id`) and (`vitb6a`.`tagname` = 'vitb6a')))) straight_join `reference_intake_by_age_and_sex` `r20` on(((`r20`.`sex_id` = `sexes`.`sex_id`) and (`r20`.`age_range_id` = `age_ranges`.`age_range_id`) and (`r20`.`type` = `r1`.`type`)))) straight_join `reference_amounts` `fol` USE INDEX (`reference_amount_id`) on(((`fol`.`reference_amount_id` = `r20`.`reference_amount_id`) and (`fol`.`tagname` = 'fol')))) straight_join `reference_intake_by_age_and_sex` `r21` on(((`r21`.`sex_id` = `sexes`.`sex_id`) and (`r21`.`age_range_id` = `age_ranges`.`age_range_id`) and (`r21`.`type` = `r1`.`type`)))) straight_join `reference_amounts` `choln` USE INDEX (`reference_amount_id`) on(((`choln`.`reference_amount_id` = `r21`.`reference_amount_id`) and (`choln`.`tagname` = 'choln')))) straight_join `reference_intake_by_age_and_sex` `r22` on(((`r22`.`sex_id` = `sexes`.`sex_id`) and (`r22`.`age_range_id` = `age_ranges`.`age_range_id`) and (`r22`.`type` = `r1`.`type`)))) straight_join `reference_amounts` `vitb12` USE INDEX (`reference_amount_id`) on(((`vitb12`.`reference_amount_id` = `r22`.`reference_amount_id`) and (`vitb12`.`tagname` = 'vitb12')))) straight_join `reference_intake_by_age_and_sex` `r23` on(((`r23`.`sex_id` = `sexes`.`sex_id`) and (`r23`.`age_range_id` = `age_ranges`.`age_range_id`) and (`r23`.`type` = `r1`.`type`)))) straight_join `reference_amounts` `vita_rae` USE INDEX (`reference_amount_id`) on(((`vita_rae`.`reference_amount_id` = `r23`.`reference_amount_id`) and (`vita_rae`.`tagname` = 'vita_rae')))) straight_join `reference_intake_by_age_and_sex` `r24` on(((`r24`.`sex_id` = `sexes`.`sex_id`) and (`r24`.`age_range_id` = `age_ranges`.`age_range_id`) and (`r24`.`type` = `r1`.`type`)))) straight_join `reference_amounts` `tocpha` USE INDEX (`reference_amount_id`) on(((`tocpha`.`reference_amount_id` = `r24`.`reference_amount_id`) and (`tocpha`.`tagname` = 'tocpha')))) straight_join `reference_intake_by_age_and_sex` `r25` on(((`r25`.`sex_id` = `sexes`.`sex_id`) and (`r25`.`age_range_id` = `age_ranges`.`age_range_id`) and (`r25`.`type` = `r1`.`type`)))) straight_join `reference_amounts` `vitd` USE INDEX (`reference_amount_id`) on(((`vitd`.`reference_amount_id` = `r25`.`reference_amount_id`) and (`vitd`.`tagname` = 'vitd')))) straight_join `reference_intake_by_age_and_sex` `r26` on(((`r26`.`sex_id` = `sexes`.`sex_id`) and (`r26`.`age_range_id` = `age_ranges`.`age_range_id`) and (`r26`.`type` = `r1`.`type`)))) straight_join `reference_amounts` `vitk1` USE INDEX (`reference_amount_id`) on(((`vitk1`.`reference_amount_id` = `r26`.`reference_amount_id`) and (`vitk1`.`tagname` = 'vitk1')))) straight_join `reference_intake_by_age_and_sex` `r27` on(((`r27`.`sex_id` = `sexes`.`sex_id`) and (`r27`.`age_range_id` = `age_ranges`.`age_range_id`) and (`r27`.`type` = `r1`.`type`)))) straight_join `reference_amounts` `f18d2` USE INDEX (`reference_amount_id`) on(((`f18d2`.`reference_amount_id` = `r27`.`reference_amount_id`) and (`f18d2`.`tagname` = 'f18d2')))) straight_join `reference_intake_by_age_and_sex` `r28` on(((`r28`.`sex_id` = `sexes`.`sex_id`) and (`r28`.`age_range_id` = `age_ranges`.`age_range_id`) and (`r28`.`type` = `r1`.`type`)))) straight_join `reference_amounts` `f18d3` USE INDEX (`reference_amount_id`) on(((`f18d3`.`reference_amount_id` = `r28`.`reference_amount_id`) and (`f18d3`.`tagname` = 'f18d3')))) */;
/*!50001 SET character_set_client      = @saved_cs_client */;
/*!50001 SET character_set_results     = @saved_cs_results */;
/*!50001 SET collation_connection      = @saved_col_connection */;
/*!50112 SET @disable_bulk_load = IF (@is_rocksdb_supported, 'SET SESSION rocksdb_bulk_load = @old_rocksdb_bulk_load', 'SET @dummy_rocksdb_bulk_load = 0') */;
/*!50112 PREPARE s FROM @disable_bulk_load */;
/*!50112 EXECUTE s */;
/*!50112 DEALLOCATE PREPARE s */;
/*!40103 SET TIME_ZONE=@OLD_TIME_ZONE */;

/*!40101 SET SQL_MODE=@OLD_SQL_MODE */;
/*!40014 SET FOREIGN_KEY_CHECKS=@OLD_FOREIGN_KEY_CHECKS */;
/*!40014 SET UNIQUE_CHECKS=@OLD_UNIQUE_CHECKS */;
/*!40101 SET CHARACTER_SET_CLIENT=@OLD_CHARACTER_SET_CLIENT */;
/*!40101 SET CHARACTER_SET_RESULTS=@OLD_CHARACTER_SET_RESULTS */;
/*!40101 SET COLLATION_CONNECTION=@OLD_COLLATION_CONNECTION */;
/*!40111 SET SQL_NOTES=@OLD_SQL_NOTES */;

-- Dump completed on 2019-01-17 14:43:26
